{
    "accuracy": 0.4857142857142857,
    "f1_score": 0.4377730039384174,
    "classification_report": {
        "arm wrestling": {
            "precision": 0.7272727272727273,
            "recall": 0.8,
            "f1-score": 0.7619047619047619,
            "support": 10.0
        },
        "bowling": {
            "precision": 0.5555555555555556,
            "recall": 0.5,
            "f1-score": 0.5263157894736842,
            "support": 10.0
        },
        "figure skating pairs": {
            "precision": 0.5,
            "recall": 0.9,
            "f1-score": 0.6428571428571429,
            "support": 10.0
        },
        "football": {
            "precision": 0.3,
            "recall": 0.3,
            "f1-score": 0.3,
            "support": 10.0
        },
        "giant slalom": {
            "precision": 0.3888888888888889,
            "recall": 0.7,
            "f1-score": 0.5,
            "support": 10.0
        },
        "steer wrestling": {
            "precision": 1.0,
            "recall": 0.2,
            "f1-score": 0.3333333333333333,
            "support": 10.0
        },
        "water polo": {
            "precision": 0.0,
            "recall": 0.0,
            "f1-score": 0.0,
            "support": 10.0
        },
        "accuracy": 0.4857142857142857,
        "macro avg": {
            "precision": 0.49595959595959593,
            "recall": 0.48571428571428577,
            "f1-score": 0.43777300393841745,
            "support": 70.0
        },
        "weighted avg": {
            "precision": 0.49595959595959604,
            "recall": 0.4857142857142857,
            "f1-score": 0.4377730039384174,
            "support": 70.0
        }
    }
}