{
    "accuracy": 0.3,
    "precision_weighted": 0.22348484848484848,
    "recall_weighted": 0.3,
    "f1_score_weighted": 0.23641830305916994,
    "cohen_kappa": 0.2222222222222221,
    "mcc": 0.24951512600813344,
    "classification_report": {
        "arm wrestling": {
            "precision": 1.0,
            "recall": 0.8571428571428571,
            "f1-score": 0.9230769230769231,
            "support": 7.0
        },
        "bobsled": {
            "precision": 0.25,
            "recall": 0.14285714285714285,
            "f1-score": 0.18181818181818182,
            "support": 7.0
        },
        "bowling": {
            "precision": 0.3333333333333333,
            "recall": 0.5714285714285714,
            "f1-score": 0.42105263157894735,
            "support": 7.0
        },
        "bungee jumping": {
            "precision": 0.5,
            "recall": 0.7142857142857143,
            "f1-score": 0.5882352941176471,
            "support": 7.0
        },
        "figure skating pairs": {
            "precision": 0.15151515151515152,
            "recall": 0.7142857142857143,
            "f1-score": 0.25,
            "support": 7.0
        },
        "football": {
            "precision": 0.0,
            "recall": 0.0,
            "f1-score": 0.0,
            "support": 7.0
        },
        "giant slalom": {
            "precision": 0.0,
            "recall": 0.0,
            "f1-score": 0.0,
            "support": 7.0
        },
        "steer wrestling": {
            "precision": 0.0,
            "recall": 0.0,
            "f1-score": 0.0,
            "support": 7.0
        },
        "tennis": {
            "precision": 0.0,
            "recall": 0.0,
            "f1-score": 0.0,
            "support": 7.0
        },
        "water polo": {
            "precision": 0.0,
            "recall": 0.0,
            "f1-score": 0.0,
            "support": 7.0
        },
        "accuracy": 0.3,
        "macro avg": {
            "precision": 0.22348484848484845,
            "recall": 0.3,
            "f1-score": 0.23641830305916994,
            "support": 70.0
        },
        "weighted avg": {
            "precision": 0.22348484848484848,
            "recall": 0.3,
            "f1-score": 0.23641830305916994,
            "support": 70.0
        }
    }
}